{"cameraMode":{"drawMode":0,"name":"Shaded","section":"Shading Mode"},"sceneLighting":false,"audioPlay":false,"sceneViewState":{"m_AlwaysRefresh":false,"showFog":true,"showSkybox":false,"showFlares":true,"showImageEffects":true,"showParticleSystems":true,"showVisualEffectGraphs":true,"m_FxEnabled":false},"in2DMode":false,"pivot":{"x":-1.798086404800415,"y":4.000430107116699,"z":-1.4407414197921754},"rotation":{"x":-0.07913730293512345,"y":-0.25655755400657656,"z":0.02082218788564205,"w":-0.9633549451828003},"size":0.17320498824119569,"orthographic":false}