{"cameraMode":{"drawMode":0,"name":"Shaded","section":"Shading Mode"},"sceneLighting":false,"audioPlay":false,"sceneViewState":{"m_AlwaysRefresh":false,"showFog":true,"showSkybox":false,"showFlares":true,"showImageEffects":true,"showParticleSystems":true,"showVisualEffectGraphs":true,"m_FxEnabled":false},"in2DMode":false,"pivot":{"x":2.198711633682251,"y":1.277647852897644,"z":1.0168977975845338},"rotation":{"x":-0.005452931392937899,"y":-0.47499653697013857,"z":0.0038121233228594066,"w":-0.880306601524353},"size":0.08660247176885605,"orthographic":false}