{"cameraMode":{"drawMode":0,"name":"Shaded","section":"Shading Mode"},"sceneLighting":true,"audioPlay":false,"sceneViewState":{"m_AlwaysRefresh":false,"showFog":true,"showSkybox":false,"showFlares":true,"showImageEffects":true,"showParticleSystems":true,"showVisualEffectGraphs":true,"m_FxEnabled":false},"in2DMode":false,"pivot":{"x":0.9744316339492798,"y":2.7825000286102297,"z":2.2944998741149904},"rotation":{"x":-0.18258339166641236,"y":-0.40564772486686709,"z":0.08306506276130676,"w":-0.8920838236808777},"size":3.600553512573242,"orthographic":false}