{"cameraMode":{"drawMode":0,"name":"Shaded","section":"Shading Mode"},"sceneLighting":false,"audioPlay":false,"sceneViewState":{"showFog":true,"showMaterialUpdate":false,"showSkybox":false,"showFlares":true,"showImageEffects":true,"showParticleSystems":true,"showVisualEffectGraphs":true,"m_FxEnabled":true},"in2DMode":false,"pivot":{"x":1.003000020980835,"y":0.41099995374679568,"z":3.5996999740600588},"rotation":{"x":-0.17841970920562745,"y":-0.016274088993668557,"z":0.0029621038120239975,"w":-0.983856201171875},"size":0.4393914043903351,"orthographic":false}