{"cameraMode":{"drawMode":0,"name":"Shaded","section":"Shading Mode"},"sceneLighting":true,"audioPlay":false,"sceneViewState":{"m_AlwaysRefresh":false,"showFog":true,"showSkybox":true,"showFlares":true,"showImageEffects":true,"showParticleSystems":true,"showVisualEffectGraphs":true,"m_FxEnabled":false},"in2DMode":false,"pivot":{"x":2.0481631755828859,"y":-1.0479389429092408,"z":9.654539108276368},"rotation":{"x":0.2336200326681137,"y":-0.03831271082162857,"z":0.01563422754406929,"w":0.9721053838729858},"size":11.472691535949707,"orthographic":false}