{"cameraMode":{"drawMode":0,"name":"Shaded","section":"Shading Mode"},"sceneLighting":true,"audioPlay":false,"sceneViewState":{"m_AlwaysRefresh":false,"showFog":true,"showSkybox":true,"showFlares":true,"showImageEffects":true,"showParticleSystems":true,"showVisualEffectGraphs":true,"m_FxEnabled":false},"in2DMode":false,"pivot":{"x":11.317455291748047,"y":-2.0014541149139406,"z":16.018232345581056},"rotation":{"x":0.12187936902046204,"y":0.2695062756538391,"z":-0.027814006432890893,"w":0.9555267095565796},"size":11.472691535949707,"orthographic":false}